description,analytical_formula,category
Calculate the constant product for a token pair in an AMM,k = x * y,Constant Product
Constant product with 0.2% fee,k = x * y * (1 - 0.0020),Constant Product
Constant product with 0.3% fee,k = x * y * (1 - 0.0030),Constant Product
Constant product with 0.4% fee,k = x * y * (1 - 0.0040),Constant Product
Constant product with 0.5% fee,k = x * y * (1 - 0.0050),Constant Product
Constant product with 0.6% fee,k = x * y * (1 - 0.0060),Constant Product
Constant product with 0.7% fee,k = x * y * (1 - 0.0070),Constant Product
Constant product with 0.8% fee,k = x * y * (1 - 0.0080),Constant Product
Constant product with 0.9% fee,k = x * y * (1 - 0.0090),Constant Product
Constant product with 1.0% fee,k = x * y * (1 - 0.0100),Constant Product
Constant product in 10^4 reserve pool,"k = x * y with pool_min=10000, pool_max=100000",Constant Product
Constant product in 10^5 reserve pool,"k = x * y with pool_min=100000, pool_max=1000000",Constant Product
Constant product in 10^6 reserve pool,"k = x * y with pool_min=1000000, pool_max=10000000",Constant Product
Constant product in 10^7 reserve pool,"k = x * y with pool_min=10000000, pool_max=100000000",Constant Product
Constant product in 10^8 reserve pool,"k = x * y with pool_min=100000000, pool_max=1000000000",Constant Product
Constant product in 10^9 reserve pool,"k = x * y with pool_min=1000000000, pool_max=10000000000",Constant Product
Constant product in 10^10 reserve pool,"k = x * y with pool_min=10000000000, pool_max=100000000000",Constant Product
Constant product in 10^11 reserve pool,"k = x * y with pool_min=100000000000, pool_max=1000000000000",Constant Product
Constant product in 10^12 reserve pool,"k = x * y with pool_min=1000000000000, pool_max=10000000000000",Constant Product
Constant product with 1% price slippage,k = x * y + ε * 1,Constant Product
Constant product with 2% price slippage,k = x * y + ε * 2,Constant Product
Constant product with 3% price slippage,k = x * y + ε * 3,Constant Product
Constant product with 4% price slippage,k = x * y + ε * 4,Constant Product
Constant product with 5% price slippage,k = x * y + ε * 5,Constant Product
Constant product with 6% price slippage,k = x * y + ε * 6,Constant Product
Constant product with 7% price slippage,k = x * y + ε * 7,Constant Product
Constant product with 8% price slippage,k = x * y + ε * 8,Constant Product
Constant product with 9% price slippage,k = x * y + ε * 9,Constant Product
Constant product with 10% price slippage,k = x * y + ε * 10,Constant Product
Calculate constant sum invariant for stablecoin pairs,k = x + y,Constant Sum
Weighted constant sum 0.26:0.74,k = 0.26*x + 0.74*y,Constant Sum
Weighted constant sum 0.32:0.68,k = 0.32*x + 0.68*y,Constant Sum
Weighted constant sum 0.38:0.62,k = 0.38*x + 0.62*y,Constant Sum
Weighted constant sum 0.44:0.56,k = 0.44*x + 0.56*y,Constant Sum
Weighted constant sum 0.50:0.50,k = 0.50*x + 0.50*y,Constant Sum
Weighted constant sum 0.56:0.44,k = 0.56*x + 0.44*y,Constant Sum
Weighted constant sum 0.62:0.38,k = 0.62*x + 0.38*y,Constant Sum
Weighted constant sum 0.68:0.32,k = 0.68*x + 0.32*y,Constant Sum
Weighted constant sum 0.74:0.26,k = 0.74*x + 0.26*y,Constant Sum
Weighted constant sum 0.80:0.20,k = 0.80*x + 0.20*y,Constant Sum
Weighted constant sum 0.86:0.14,k = 0.86*x + 0.14*y,Constant Sum
Weighted constant sum 0.92:0.08,k = 0.92*x + 0.08*y,Constant Sum
Constant sum in $1e+03 pool,"k = x + y, pool_value=1000",Constant Sum
Constant sum in $1e+04 pool,"k = x + y, pool_value=10000",Constant Sum
Constant sum in $1e+05 pool,"k = x + y, pool_value=100000",Constant Sum
Constant sum in $1e+06 pool,"k = x + y, pool_value=1000000",Constant Sum
Constant sum in $1e+07 pool,"k = x + y, pool_value=10000000",Constant Sum
Constant sum in $1e+08 pool,"k = x + y, pool_value=100000000",Constant Sum
Constant sum in $1e+09 pool,"k = x + y, pool_value=1000000000",Constant Sum
Constant sum in $1e+10 pool,"k = x + y, pool_value=10000000000",Constant Sum
Constant sum in $1e+11 pool,"k = x + y, pool_value=100000000000",Constant Sum
Constant sum in $1e+12 pool,"k = x + y, pool_value=1000000000000",Constant Sum
Constant sum in $1e+13 pool,"k = x + y, pool_value=10000000000000",Constant Sum
Constant sum in $1e+14 pool,"k = x + y, pool_value=100000000000000",Constant Sum
Calculate constant mean for multi-asset pool,(x * y * z)^(1/3) = k,Constant Mean
Three-asset constant mean variant 1,"(x * y * z)^(1/3) = k, scaling=1",Constant Mean
Three-asset constant mean variant 2,"(x * y * z)^(1/3) = k, scaling=2",Constant Mean
Three-asset constant mean variant 3,"(x * y * z)^(1/3) = k, scaling=3",Constant Mean
Three-asset constant mean variant 4,"(x * y * z)^(1/3) = k, scaling=4",Constant Mean
Four-asset constant mean variant 1,"(x * y * z * w)^(1/4) = k, scaling=1",Constant Mean
Four-asset constant mean variant 2,"(x * y * z * w)^(1/4) = k, scaling=2",Constant Mean
Four-asset constant mean variant 3,"(x * y * z * w)^(1/4) = k, scaling=3",Constant Mean
Four-asset constant mean variant 4,"(x * y * z * w)^(1/4) = k, scaling=4",Constant Mean
Five-asset constant mean variant 1,"(x * y * z * w * v)^(1/5) = k, scaling=1",Constant Mean
Five-asset constant mean variant 2,"(x * y * z * w * v)^(1/5) = k, scaling=2",Constant Mean
Five-asset constant mean variant 3,"(x * y * z * w * v)^(1/5) = k, scaling=3",Constant Mean
Five-asset constant mean variant 4,"(x * y * z * w * v)^(1/5) = k, scaling=4",Constant Mean
Two-asset constant mean variant 1,"(x * y)^(1/2) = k, power=0.5",Constant Mean
Two-asset constant mean variant 2,"(x * y)^(1/2) = k, power=0.5",Constant Mean
Two-asset constant mean variant 3,"(x * y)^(1/2) = k, power=0.5",Constant Mean
Two-asset constant mean variant 4,"(x * y)^(1/2) = k, power=0.5",Constant Mean
Two-asset constant mean variant 5,"(x * y)^(1/2) = k, power=0.5",Constant Mean
Curve Finance StableSwap formula,A*(x+y) + xy = A*k^2,StableSwap Hybrid
StableSwap amplification A=1 variant 1,"A*(x+y) + xy = A*k^2, A=1",StableSwap Hybrid
StableSwap amplification A=1 variant 2,"A*(x+y) + xy = A*k^2, A=1",StableSwap Hybrid
StableSwap amplification A=1 variant 3,"A*(x+y) + xy = A*k^2, A=1",StableSwap Hybrid
StableSwap amplification A=50 variant 1,"A*(x+y) + xy = A*k^2, A=50",StableSwap Hybrid
StableSwap amplification A=50 variant 2,"A*(x+y) + xy = A*k^2, A=50",StableSwap Hybrid
StableSwap amplification A=50 variant 3,"A*(x+y) + xy = A*k^2, A=50",StableSwap Hybrid
StableSwap amplification A=100 variant 1,"A*(x+y) + xy = A*k^2, A=100",StableSwap Hybrid
StableSwap amplification A=100 variant 2,"A*(x+y) + xy = A*k^2, A=100",StableSwap Hybrid
StableSwap amplification A=100 variant 3,"A*(x+y) + xy = A*k^2, A=100",StableSwap Hybrid
StableSwap amplification A=200 variant 1,"A*(x+y) + xy = A*k^2, A=200",StableSwap Hybrid
StableSwap amplification A=200 variant 2,"A*(x+y) + xy = A*k^2, A=200",StableSwap Hybrid
StableSwap amplification A=200 variant 3,"A*(x+y) + xy = A*k^2, A=200",StableSwap Hybrid
StableSwap amplification A=400 variant 1,"A*(x+y) + xy = A*k^2, A=400",StableSwap Hybrid
StableSwap amplification A=400 variant 2,"A*(x+y) + xy = A*k^2, A=400",StableSwap Hybrid
StableSwap amplification A=400 variant 3,"A*(x+y) + xy = A*k^2, A=400",StableSwap Hybrid
StableSwap amplification A=600 variant 1,"A*(x+y) + xy = A*k^2, A=600",StableSwap Hybrid
StableSwap amplification A=600 variant 2,"A*(x+y) + xy = A*k^2, A=600",StableSwap Hybrid
StableSwap amplification A=600 variant 3,"A*(x+y) + xy = A*k^2, A=600",StableSwap Hybrid
StableSwap amplification A=800 variant 1,"A*(x+y) + xy = A*k^2, A=800",StableSwap Hybrid
StableSwap amplification A=800 variant 2,"A*(x+y) + xy = A*k^2, A=800",StableSwap Hybrid
StableSwap amplification A=800 variant 3,"A*(x+y) + xy = A*k^2, A=800",StableSwap Hybrid
StableSwap amplification A=1000 variant 1,"A*(x+y) + xy = A*k^2, A=1000",StableSwap Hybrid
StableSwap amplification A=1000 variant 2,"A*(x+y) + xy = A*k^2, A=1000",StableSwap Hybrid
StableSwap amplification A=1000 variant 3,"A*(x+y) + xy = A*k^2, A=1000",StableSwap Hybrid
Calculate impermanent loss for 50/50 pool,IL = 2*sqrt(p)/(1+p) - 1,Impermanent Loss
"IL for 1.5x price move, volatility 0.1%","IL = 2*sqrt(1.5)/(1+1.5) - 1 + N(0,0.001)",Impermanent Loss
"IL for 1.5x price move, volatility 0.5%","IL = 2*sqrt(1.5)/(1+1.5) - 1 + N(0,0.005)",Impermanent Loss
"IL for 1.5x price move, volatility 1.0%","IL = 2*sqrt(1.5)/(1+1.5) - 1 + N(0,0.01)",Impermanent Loss
"IL for 2.0x price move, volatility 0.1%","IL = 2*sqrt(2.0)/(1+2.0) - 1 + N(0,0.001)",Impermanent Loss
"IL for 2.0x price move, volatility 0.5%","IL = 2*sqrt(2.0)/(1+2.0) - 1 + N(0,0.005)",Impermanent Loss
"IL for 2.0x price move, volatility 1.0%","IL = 2*sqrt(2.0)/(1+2.0) - 1 + N(0,0.01)",Impermanent Loss
"IL for 3.0x price move, volatility 0.1%","IL = 2*sqrt(3.0)/(1+3.0) - 1 + N(0,0.001)",Impermanent Loss
"IL for 3.0x price move, volatility 0.5%","IL = 2*sqrt(3.0)/(1+3.0) - 1 + N(0,0.005)",Impermanent Loss
"IL for 3.0x price move, volatility 1.0%","IL = 2*sqrt(3.0)/(1+3.0) - 1 + N(0,0.01)",Impermanent Loss
"IL for 5.0x price move, volatility 0.1%","IL = 2*sqrt(5.0)/(1+5.0) - 1 + N(0,0.001)",Impermanent Loss
"IL for 5.0x price move, volatility 0.5%","IL = 2*sqrt(5.0)/(1+5.0) - 1 + N(0,0.005)",Impermanent Loss
"IL for 5.0x price move, volatility 1.0%","IL = 2*sqrt(5.0)/(1+5.0) - 1 + N(0,0.01)",Impermanent Loss
"IL for 10.0x price move, volatility 0.1%","IL = 2*sqrt(10.0)/(1+10.0) - 1 + N(0,0.001)",Impermanent Loss
"IL for 10.0x price move, volatility 0.5%","IL = 2*sqrt(10.0)/(1+10.0) - 1 + N(0,0.005)",Impermanent Loss
"IL for 10.0x price move, volatility 1.0%","IL = 2*sqrt(10.0)/(1+10.0) - 1 + N(0,0.01)",Impermanent Loss
IL 50/50 pool in bullish market,IL_50/50(bullish) = 2*sqrt(p)/(1+p) - 1,Impermanent Loss
IL 50/50 pool in bearish market,IL_50/50(bearish) = 2*sqrt(p)/(1+p) - 1,Impermanent Loss
IL 50/50 pool in sideways market,IL_50/50(sideways) = 2*sqrt(p)/(1+p) - 1,Impermanent Loss
IL 80/20 pool in bullish market,IL_80/20(bullish) = 2*sqrt(p)/(1+p) - 1,Impermanent Loss
IL 80/20 pool in bearish market,IL_80/20(bearish) = 2*sqrt(p)/(1+p) - 1,Impermanent Loss
IL 80/20 pool in sideways market,IL_80/20(sideways) = 2*sqrt(p)/(1+p) - 1,Impermanent Loss
IL 60/40 pool in bullish market,IL_60/40(bullish) = 2*sqrt(p)/(1+p) - 1,Impermanent Loss
IL 60/40 pool in bearish market,IL_60/40(bearish) = 2*sqrt(p)/(1+p) - 1,Impermanent Loss
IL 60/40 pool in sideways market,IL_60/40(sideways) = 2*sqrt(p)/(1+p) - 1,Impermanent Loss
Calculate LP position value,value = LP_share * pool_assets,Position Value
LP position 14% ownership in $1e+03 pool,value = 0.14 * 1000,Position Value
LP position 14% ownership in $1e+04 pool,value = 0.14 * 10000,Position Value
LP position 14% ownership in $1e+05 pool,value = 0.14 * 100000,Position Value
LP position 14% ownership in $1e+06 pool,value = 0.14 * 1000000,Position Value
LP position 14% ownership in $1e+07 pool,value = 0.14 * 10000000,Position Value
LP position 28% ownership in $1e+03 pool,value = 0.28 * 1000,Position Value
LP position 28% ownership in $1e+04 pool,value = 0.28 * 10000,Position Value
LP position 28% ownership in $1e+05 pool,value = 0.28 * 100000,Position Value
LP position 28% ownership in $1e+06 pool,value = 0.28 * 1000000,Position Value
LP position 28% ownership in $1e+07 pool,value = 0.28 * 10000000,Position Value
LP position 42% ownership in $1e+03 pool,value = 0.42 * 1000,Position Value
LP position 42% ownership in $1e+04 pool,value = 0.42 * 10000,Position Value
LP position 42% ownership in $1e+05 pool,value = 0.42 * 100000,Position Value
LP position 42% ownership in $1e+06 pool,value = 0.42 * 1000000,Position Value
LP position 42% ownership in $1e+07 pool,value = 0.42 * 10000000,Position Value
LP position 56% ownership in $1e+03 pool,value = 0.56 * 1000,Position Value
LP position 56% ownership in $1e+04 pool,value = 0.56 * 10000,Position Value
LP position 56% ownership in $1e+05 pool,value = 0.56 * 100000,Position Value
LP position 56% ownership in $1e+06 pool,value = 0.56 * 1000000,Position Value
LP position 56% ownership in $1e+07 pool,value = 0.56 * 10000000,Position Value
LP position 70% ownership in $1e+03 pool,value = 0.70 * 1000,Position Value
LP position 70% ownership in $1e+04 pool,value = 0.70 * 10000,Position Value
LP position 70% ownership in $1e+05 pool,value = 0.70 * 100000,Position Value
LP position 70% ownership in $1e+06 pool,value = 0.70 * 1000000,Position Value
LP position 70% ownership in $1e+07 pool,value = 0.70 * 10000000,Position Value
LP position 84% ownership in $1e+03 pool,value = 0.84 * 1000,Position Value
LP position 84% ownership in $1e+04 pool,value = 0.84 * 10000,Position Value
LP position 84% ownership in $1e+05 pool,value = 0.84 * 100000,Position Value
LP position 84% ownership in $1e+06 pool,value = 0.84 * 1000000,Position Value
LP position 84% ownership in $1e+07 pool,value = 0.84 * 10000000,Position Value
LP position 98% ownership in $1e+03 pool,value = 0.98 * 1000,Position Value
LP position 98% ownership in $1e+04 pool,value = 0.98 * 10000,Position Value
LP position 98% ownership in $1e+05 pool,value = 0.98 * 100000,Position Value
LP position 98% ownership in $1e+06 pool,value = 0.98 * 1000000,Position Value
LP position 98% ownership in $1e+07 pool,value = 0.98 * 10000000,Position Value
Uniswap V3 concentrated liquidity value,value = L * (sqrt(P_upper) - sqrt(P_lower)) * sqrt(P_current),Concentrated Liquidity
Uniswap V3 1x concentration in 10^6 pool,value = 1 * L * (sqrt(P_u) - sqrt(P_l)) * sqrt(P_c),Concentrated Liquidity
Uniswap V3 1x concentration in 10^7 pool,value = 1 * L * (sqrt(P_u) - sqrt(P_l)) * sqrt(P_c),Concentrated Liquidity
Uniswap V3 1x concentration in 10^8 pool,value = 1 * L * (sqrt(P_u) - sqrt(P_l)) * sqrt(P_c),Concentrated Liquidity
Uniswap V3 1x concentration in 10^9 pool,value = 1 * L * (sqrt(P_u) - sqrt(P_l)) * sqrt(P_c),Concentrated Liquidity
Uniswap V3 1x concentration in 10^10 pool,value = 1 * L * (sqrt(P_u) - sqrt(P_l)) * sqrt(P_c),Concentrated Liquidity
Uniswap V3 5x concentration in 10^6 pool,value = 5 * L * (sqrt(P_u) - sqrt(P_l)) * sqrt(P_c),Concentrated Liquidity
Uniswap V3 5x concentration in 10^7 pool,value = 5 * L * (sqrt(P_u) - sqrt(P_l)) * sqrt(P_c),Concentrated Liquidity
Uniswap V3 5x concentration in 10^8 pool,value = 5 * L * (sqrt(P_u) - sqrt(P_l)) * sqrt(P_c),Concentrated Liquidity
Uniswap V3 5x concentration in 10^9 pool,value = 5 * L * (sqrt(P_u) - sqrt(P_l)) * sqrt(P_c),Concentrated Liquidity
Uniswap V3 5x concentration in 10^10 pool,value = 5 * L * (sqrt(P_u) - sqrt(P_l)) * sqrt(P_c),Concentrated Liquidity
Uniswap V3 10x concentration in 10^6 pool,value = 10 * L * (sqrt(P_u) - sqrt(P_l)) * sqrt(P_c),Concentrated Liquidity
Uniswap V3 10x concentration in 10^7 pool,value = 10 * L * (sqrt(P_u) - sqrt(P_l)) * sqrt(P_c),Concentrated Liquidity
Uniswap V3 10x concentration in 10^8 pool,value = 10 * L * (sqrt(P_u) - sqrt(P_l)) * sqrt(P_c),Concentrated Liquidity
Uniswap V3 10x concentration in 10^9 pool,value = 10 * L * (sqrt(P_u) - sqrt(P_l)) * sqrt(P_c),Concentrated Liquidity
Uniswap V3 10x concentration in 10^10 pool,value = 10 * L * (sqrt(P_u) - sqrt(P_l)) * sqrt(P_c),Concentrated Liquidity
Uniswap V3 25x concentration in 10^6 pool,value = 25 * L * (sqrt(P_u) - sqrt(P_l)) * sqrt(P_c),Concentrated Liquidity
Uniswap V3 25x concentration in 10^7 pool,value = 25 * L * (sqrt(P_u) - sqrt(P_l)) * sqrt(P_c),Concentrated Liquidity
Uniswap V3 25x concentration in 10^8 pool,value = 25 * L * (sqrt(P_u) - sqrt(P_l)) * sqrt(P_c),Concentrated Liquidity
Uniswap V3 25x concentration in 10^9 pool,value = 25 * L * (sqrt(P_u) - sqrt(P_l)) * sqrt(P_c),Concentrated Liquidity
Uniswap V3 25x concentration in 10^10 pool,value = 25 * L * (sqrt(P_u) - sqrt(P_l)) * sqrt(P_c),Concentrated Liquidity
Uniswap V3 50x concentration in 10^6 pool,value = 50 * L * (sqrt(P_u) - sqrt(P_l)) * sqrt(P_c),Concentrated Liquidity
Uniswap V3 50x concentration in 10^7 pool,value = 50 * L * (sqrt(P_u) - sqrt(P_l)) * sqrt(P_c),Concentrated Liquidity
Uniswap V3 50x concentration in 10^8 pool,value = 50 * L * (sqrt(P_u) - sqrt(P_l)) * sqrt(P_c),Concentrated Liquidity
Uniswap V3 50x concentration in 10^9 pool,value = 50 * L * (sqrt(P_u) - sqrt(P_l)) * sqrt(P_c),Concentrated Liquidity
Uniswap V3 50x concentration in 10^10 pool,value = 50 * L * (sqrt(P_u) - sqrt(P_l)) * sqrt(P_c),Concentrated Liquidity
Uniswap V3 100x concentration in 10^6 pool,value = 100 * L * (sqrt(P_u) - sqrt(P_l)) * sqrt(P_c),Concentrated Liquidity
Uniswap V3 100x concentration in 10^7 pool,value = 100 * L * (sqrt(P_u) - sqrt(P_l)) * sqrt(P_c),Concentrated Liquidity
Uniswap V3 100x concentration in 10^8 pool,value = 100 * L * (sqrt(P_u) - sqrt(P_l)) * sqrt(P_c),Concentrated Liquidity
Uniswap V3 100x concentration in 10^9 pool,value = 100 * L * (sqrt(P_u) - sqrt(P_l)) * sqrt(P_c),Concentrated Liquidity
Uniswap V3 100x concentration in 10^10 pool,value = 100 * L * (sqrt(P_u) - sqrt(P_l)) * sqrt(P_c),Concentrated Liquidity
Calculate LP fee earnings from daily volume,fees = fee_tier * volume * (L_user / L_total),Fee Earnings
Fee earnings 0.10% tier on $1e+05 volume,fees = 0.001 * 100000 * (L_user / L_total),Fee Earnings
Fee earnings 0.10% tier on $1e+06 volume,fees = 0.001 * 1000000 * (L_user / L_total),Fee Earnings
Fee earnings 0.10% tier on $1e+07 volume,fees = 0.001 * 10000000 * (L_user / L_total),Fee Earnings
Fee earnings 0.10% tier on $1e+08 volume,fees = 0.001 * 100000000 * (L_user / L_total),Fee Earnings
Fee earnings 0.10% tier on $1e+09 volume,fees = 0.001 * 1000000000 * (L_user / L_total),Fee Earnings
Fee earnings 0.10% tier on $1e+10 volume,fees = 0.001 * 10000000000 * (L_user / L_total),Fee Earnings
Fee earnings 0.10% tier on $1e+11 volume,fees = 0.001 * 100000000000 * (L_user / L_total),Fee Earnings
Fee earnings 0.10% tier on $1e+12 volume,fees = 0.001 * 1000000000000 * (L_user / L_total),Fee Earnings
Fee earnings 0.50% tier on $1e+05 volume,fees = 0.005 * 100000 * (L_user / L_total),Fee Earnings
Fee earnings 0.50% tier on $1e+06 volume,fees = 0.005 * 1000000 * (L_user / L_total),Fee Earnings
Fee earnings 0.50% tier on $1e+07 volume,fees = 0.005 * 10000000 * (L_user / L_total),Fee Earnings
Fee earnings 0.50% tier on $1e+08 volume,fees = 0.005 * 100000000 * (L_user / L_total),Fee Earnings
Fee earnings 0.50% tier on $1e+09 volume,fees = 0.005 * 1000000000 * (L_user / L_total),Fee Earnings
Fee earnings 0.50% tier on $1e+10 volume,fees = 0.005 * 10000000000 * (L_user / L_total),Fee Earnings
Fee earnings 0.50% tier on $1e+11 volume,fees = 0.005 * 100000000000 * (L_user / L_total),Fee Earnings
Fee earnings 0.50% tier on $1e+12 volume,fees = 0.005 * 1000000000000 * (L_user / L_total),Fee Earnings
Fee earnings 1.00% tier on $1e+05 volume,fees = 0.01 * 100000 * (L_user / L_total),Fee Earnings
Fee earnings 1.00% tier on $1e+06 volume,fees = 0.01 * 1000000 * (L_user / L_total),Fee Earnings
Fee earnings 1.00% tier on $1e+07 volume,fees = 0.01 * 10000000 * (L_user / L_total),Fee Earnings
Fee earnings 1.00% tier on $1e+08 volume,fees = 0.01 * 100000000 * (L_user / L_total),Fee Earnings
Fee earnings 1.00% tier on $1e+09 volume,fees = 0.01 * 1000000000 * (L_user / L_total),Fee Earnings
Fee earnings 1.00% tier on $1e+10 volume,fees = 0.01 * 10000000000 * (L_user / L_total),Fee Earnings
Fee earnings 1.00% tier on $1e+11 volume,fees = 0.01 * 100000000000 * (L_user / L_total),Fee Earnings
Fee earnings 1.00% tier on $1e+12 volume,fees = 0.01 * 1000000000000 * (L_user / L_total),Fee Earnings
Fee earnings 3.00% tier on $1e+05 volume,fees = 0.03 * 100000 * (L_user / L_total),Fee Earnings
Fee earnings 3.00% tier on $1e+06 volume,fees = 0.03 * 1000000 * (L_user / L_total),Fee Earnings
Fee earnings 3.00% tier on $1e+07 volume,fees = 0.03 * 10000000 * (L_user / L_total),Fee Earnings
Fee earnings 3.00% tier on $1e+08 volume,fees = 0.03 * 100000000 * (L_user / L_total),Fee Earnings
Fee earnings 3.00% tier on $1e+09 volume,fees = 0.03 * 1000000000 * (L_user / L_total),Fee Earnings
Fee earnings 3.00% tier on $1e+10 volume,fees = 0.03 * 10000000000 * (L_user / L_total),Fee Earnings
Fee earnings 3.00% tier on $1e+11 volume,fees = 0.03 * 100000000000 * (L_user / L_total),Fee Earnings
Fee earnings 3.00% tier on $1e+12 volume,fees = 0.03 * 1000000000000 * (L_user / L_total),Fee Earnings
Calculate APY with compounding,APY = (1 + r/n)^n - 1,APY Calculation
APY 5% yield compounded 1x/year,APY = (1 + 0.05/1)^1 - 1,APY Calculation
APY 5% yield compounded 4x/year,APY = (1 + 0.05/4)^4 - 1,APY Calculation
APY 5% yield compounded 12x/year,APY = (1 + 0.05/12)^12 - 1,APY Calculation
APY 5% yield compounded 365x/year,APY = (1 + 0.05/365)^365 - 1,APY Calculation
APY 10% yield compounded 1x/year,APY = (1 + 0.10/1)^1 - 1,APY Calculation
APY 10% yield compounded 4x/year,APY = (1 + 0.10/4)^4 - 1,APY Calculation
APY 10% yield compounded 12x/year,APY = (1 + 0.10/12)^12 - 1,APY Calculation
APY 10% yield compounded 365x/year,APY = (1 + 0.10/365)^365 - 1,APY Calculation
APY 20% yield compounded 1x/year,APY = (1 + 0.20/1)^1 - 1,APY Calculation
APY 20% yield compounded 4x/year,APY = (1 + 0.20/4)^4 - 1,APY Calculation
APY 20% yield compounded 12x/year,APY = (1 + 0.20/12)^12 - 1,APY Calculation
APY 20% yield compounded 365x/year,APY = (1 + 0.20/365)^365 - 1,APY Calculation
APY 50% yield compounded 1x/year,APY = (1 + 0.50/1)^1 - 1,APY Calculation
APY 50% yield compounded 4x/year,APY = (1 + 0.50/4)^4 - 1,APY Calculation
APY 50% yield compounded 12x/year,APY = (1 + 0.50/12)^12 - 1,APY Calculation
APY 50% yield compounded 365x/year,APY = (1 + 0.50/365)^365 - 1,APY Calculation
Calculate trading slippage percentage,slippage% = (expected - actual) / expected * 100,Slippage
Slippage for 0.1% trade in 10^5 pool,slip = (0.001 / pool)^2 * 100,Slippage
Slippage for 0.1% trade in 10^6 pool,slip = (0.001 / pool)^2 * 100,Slippage
Slippage for 0.1% trade in 10^7 pool,slip = (0.001 / pool)^2 * 100,Slippage
Slippage for 0.1% trade in 10^8 pool,slip = (0.001 / pool)^2 * 100,Slippage
Slippage for 0.1% trade in 10^9 pool,slip = (0.001 / pool)^2 * 100,Slippage
Slippage for 0.1% trade in 10^10 pool,slip = (0.001 / pool)^2 * 100,Slippage
Slippage for 0.1% trade in 10^11 pool,slip = (0.001 / pool)^2 * 100,Slippage
Slippage for 0.5% trade in 10^5 pool,slip = (0.005 / pool)^2 * 100,Slippage
Slippage for 0.5% trade in 10^6 pool,slip = (0.005 / pool)^2 * 100,Slippage
Slippage for 0.5% trade in 10^7 pool,slip = (0.005 / pool)^2 * 100,Slippage
Slippage for 0.5% trade in 10^8 pool,slip = (0.005 / pool)^2 * 100,Slippage
Slippage for 0.5% trade in 10^9 pool,slip = (0.005 / pool)^2 * 100,Slippage
Slippage for 0.5% trade in 10^10 pool,slip = (0.005 / pool)^2 * 100,Slippage
Slippage for 0.5% trade in 10^11 pool,slip = (0.005 / pool)^2 * 100,Slippage
Slippage for 1% trade in 10^5 pool,slip = (0.01 / pool)^2 * 100,Slippage
Slippage for 1% trade in 10^6 pool,slip = (0.01 / pool)^2 * 100,Slippage
Slippage for 1% trade in 10^7 pool,slip = (0.01 / pool)^2 * 100,Slippage
Slippage for 1% trade in 10^8 pool,slip = (0.01 / pool)^2 * 100,Slippage
Slippage for 1% trade in 10^9 pool,slip = (0.01 / pool)^2 * 100,Slippage
Slippage for 1% trade in 10^10 pool,slip = (0.01 / pool)^2 * 100,Slippage
Slippage for 1% trade in 10^11 pool,slip = (0.01 / pool)^2 * 100,Slippage
Slippage for 2% trade in 10^5 pool,slip = (0.02 / pool)^2 * 100,Slippage
Slippage for 2% trade in 10^6 pool,slip = (0.02 / pool)^2 * 100,Slippage
Slippage for 2% trade in 10^7 pool,slip = (0.02 / pool)^2 * 100,Slippage
Slippage for 2% trade in 10^8 pool,slip = (0.02 / pool)^2 * 100,Slippage
Slippage for 2% trade in 10^9 pool,slip = (0.02 / pool)^2 * 100,Slippage
Slippage for 2% trade in 10^10 pool,slip = (0.02 / pool)^2 * 100,Slippage
Slippage for 2% trade in 10^11 pool,slip = (0.02 / pool)^2 * 100,Slippage
Slippage for 5% trade in 10^5 pool,slip = (0.05 / pool)^2 * 100,Slippage
Slippage for 5% trade in 10^6 pool,slip = (0.05 / pool)^2 * 100,Slippage
Slippage for 5% trade in 10^7 pool,slip = (0.05 / pool)^2 * 100,Slippage
Slippage for 5% trade in 10^8 pool,slip = (0.05 / pool)^2 * 100,Slippage
Slippage for 5% trade in 10^9 pool,slip = (0.05 / pool)^2 * 100,Slippage
Slippage for 5% trade in 10^10 pool,slip = (0.05 / pool)^2 * 100,Slippage
Slippage for 5% trade in 10^11 pool,slip = (0.05 / pool)^2 * 100,Slippage
Calculate price movement from trade,impact% = (trade / pool) * 100,Price Impact
Price impact depth=0.5 in 10^6 pool,impact = (trade / (pool * 0.5)) * 100,Price Impact
Price impact depth=0.5 in 10^7 pool,impact = (trade / (pool * 0.5)) * 100,Price Impact
Price impact depth=0.5 in 10^8 pool,impact = (trade / (pool * 0.5)) * 100,Price Impact
Price impact depth=0.5 in 10^9 pool,impact = (trade / (pool * 0.5)) * 100,Price Impact
Price impact depth=0.5 in 10^10 pool,impact = (trade / (pool * 0.5)) * 100,Price Impact
Price impact depth=0.5 in 10^11 pool,impact = (trade / (pool * 0.5)) * 100,Price Impact
Price impact depth=0.5 in 10^12 pool,impact = (trade / (pool * 0.5)) * 100,Price Impact
Price impact depth=1.0 in 10^6 pool,impact = (trade / (pool * 1.0)) * 100,Price Impact
Price impact depth=1.0 in 10^7 pool,impact = (trade / (pool * 1.0)) * 100,Price Impact
Price impact depth=1.0 in 10^8 pool,impact = (trade / (pool * 1.0)) * 100,Price Impact
Price impact depth=1.0 in 10^9 pool,impact = (trade / (pool * 1.0)) * 100,Price Impact
Price impact depth=1.0 in 10^10 pool,impact = (trade / (pool * 1.0)) * 100,Price Impact
Price impact depth=1.0 in 10^11 pool,impact = (trade / (pool * 1.0)) * 100,Price Impact
Price impact depth=1.0 in 10^12 pool,impact = (trade / (pool * 1.0)) * 100,Price Impact
Price impact depth=2.0 in 10^6 pool,impact = (trade / (pool * 2.0)) * 100,Price Impact
Price impact depth=2.0 in 10^7 pool,impact = (trade / (pool * 2.0)) * 100,Price Impact
Price impact depth=2.0 in 10^8 pool,impact = (trade / (pool * 2.0)) * 100,Price Impact
Price impact depth=2.0 in 10^9 pool,impact = (trade / (pool * 2.0)) * 100,Price Impact
Price impact depth=2.0 in 10^10 pool,impact = (trade / (pool * 2.0)) * 100,Price Impact
Price impact depth=2.0 in 10^11 pool,impact = (trade / (pool * 2.0)) * 100,Price Impact
Price impact depth=2.0 in 10^12 pool,impact = (trade / (pool * 2.0)) * 100,Price Impact
Calculate lending pool utilization,util = borrowed / supplied,Utilization Rate
"Utilization in 10^5 pool, target 30%","util = borrowed / supplied, target=0.30",Utilization Rate
"Utilization in 10^5 pool, target 50%","util = borrowed / supplied, target=0.50",Utilization Rate
"Utilization in 10^5 pool, target 70%","util = borrowed / supplied, target=0.70",Utilization Rate
"Utilization in 10^5 pool, target 85%","util = borrowed / supplied, target=0.85",Utilization Rate
"Utilization in 10^6 pool, target 30%","util = borrowed / supplied, target=0.30",Utilization Rate
"Utilization in 10^6 pool, target 50%","util = borrowed / supplied, target=0.50",Utilization Rate
"Utilization in 10^6 pool, target 70%","util = borrowed / supplied, target=0.70",Utilization Rate
"Utilization in 10^6 pool, target 85%","util = borrowed / supplied, target=0.85",Utilization Rate
"Utilization in 10^7 pool, target 30%","util = borrowed / supplied, target=0.30",Utilization Rate
"Utilization in 10^7 pool, target 50%","util = borrowed / supplied, target=0.50",Utilization Rate
"Utilization in 10^7 pool, target 70%","util = borrowed / supplied, target=0.70",Utilization Rate
"Utilization in 10^7 pool, target 85%","util = borrowed / supplied, target=0.85",Utilization Rate
"Utilization in 10^8 pool, target 30%","util = borrowed / supplied, target=0.30",Utilization Rate
"Utilization in 10^8 pool, target 50%","util = borrowed / supplied, target=0.50",Utilization Rate
"Utilization in 10^8 pool, target 70%","util = borrowed / supplied, target=0.70",Utilization Rate
"Utilization in 10^8 pool, target 85%","util = borrowed / supplied, target=0.85",Utilization Rate
"Utilization in 10^9 pool, target 30%","util = borrowed / supplied, target=0.30",Utilization Rate
"Utilization in 10^9 pool, target 50%","util = borrowed / supplied, target=0.50",Utilization Rate
"Utilization in 10^9 pool, target 70%","util = borrowed / supplied, target=0.70",Utilization Rate
"Utilization in 10^9 pool, target 85%","util = borrowed / supplied, target=0.85",Utilization Rate
Calculate swap output with fees,out = (in * (1-fee) * r_out) / (r_in + in*(1-fee)),Swap Output
Swap 0.1% fee in 10^3 reserve,out = (in * 0.9990 * r_out) / (r_in + in*0.9990),Swap Output
Swap 0.1% fee in 10^4 reserve,out = (in * 0.9990 * r_out) / (r_in + in*0.9990),Swap Output
Swap 0.1% fee in 10^5 reserve,out = (in * 0.9990 * r_out) / (r_in + in*0.9990),Swap Output
Swap 0.1% fee in 10^6 reserve,out = (in * 0.9990 * r_out) / (r_in + in*0.9990),Swap Output
Swap 0.1% fee in 10^7 reserve,out = (in * 0.9990 * r_out) / (r_in + in*0.9990),Swap Output
Swap 0.1% fee in 10^8 reserve,out = (in * 0.9990 * r_out) / (r_in + in*0.9990),Swap Output
Swap 0.1% fee in 10^9 reserve,out = (in * 0.9990 * r_out) / (r_in + in*0.9990),Swap Output
Swap 0.1% fee in 10^10 reserve,out = (in * 0.9990 * r_out) / (r_in + in*0.9990),Swap Output
Swap 0.3% fee in 10^3 reserve,out = (in * 0.9970 * r_out) / (r_in + in*0.9970),Swap Output
Swap 0.3% fee in 10^4 reserve,out = (in * 0.9970 * r_out) / (r_in + in*0.9970),Swap Output
Swap 0.3% fee in 10^5 reserve,out = (in * 0.9970 * r_out) / (r_in + in*0.9970),Swap Output
Swap 0.3% fee in 10^6 reserve,out = (in * 0.9970 * r_out) / (r_in + in*0.9970),Swap Output
Swap 0.3% fee in 10^7 reserve,out = (in * 0.9970 * r_out) / (r_in + in*0.9970),Swap Output
Swap 0.3% fee in 10^8 reserve,out = (in * 0.9970 * r_out) / (r_in + in*0.9970),Swap Output
Swap 0.3% fee in 10^9 reserve,out = (in * 0.9970 * r_out) / (r_in + in*0.9970),Swap Output
Swap 0.3% fee in 10^10 reserve,out = (in * 0.9970 * r_out) / (r_in + in*0.9970),Swap Output
Swap 0.5% fee in 10^3 reserve,out = (in * 0.9950 * r_out) / (r_in + in*0.9950),Swap Output
Swap 0.5% fee in 10^4 reserve,out = (in * 0.9950 * r_out) / (r_in + in*0.9950),Swap Output
Swap 0.5% fee in 10^5 reserve,out = (in * 0.9950 * r_out) / (r_in + in*0.9950),Swap Output
Swap 0.5% fee in 10^6 reserve,out = (in * 0.9950 * r_out) / (r_in + in*0.9950),Swap Output
Swap 0.5% fee in 10^7 reserve,out = (in * 0.9950 * r_out) / (r_in + in*0.9950),Swap Output
Swap 0.5% fee in 10^8 reserve,out = (in * 0.9950 * r_out) / (r_in + in*0.9950),Swap Output
Swap 0.5% fee in 10^9 reserve,out = (in * 0.9950 * r_out) / (r_in + in*0.9950),Swap Output
Swap 0.5% fee in 10^10 reserve,out = (in * 0.9950 * r_out) / (r_in + in*0.9950),Swap Output
Swap 1.0% fee in 10^3 reserve,out = (in * 0.9900 * r_out) / (r_in + in*0.9900),Swap Output
Swap 1.0% fee in 10^4 reserve,out = (in * 0.9900 * r_out) / (r_in + in*0.9900),Swap Output
Swap 1.0% fee in 10^5 reserve,out = (in * 0.9900 * r_out) / (r_in + in*0.9900),Swap Output
Swap 1.0% fee in 10^6 reserve,out = (in * 0.9900 * r_out) / (r_in + in*0.9900),Swap Output
Swap 1.0% fee in 10^7 reserve,out = (in * 0.9900 * r_out) / (r_in + in*0.9900),Swap Output
Swap 1.0% fee in 10^8 reserve,out = (in * 0.9900 * r_out) / (r_in + in*0.9900),Swap Output
Swap 1.0% fee in 10^9 reserve,out = (in * 0.9900 * r_out) / (r_in + in*0.9900),Swap Output
Swap 1.0% fee in 10^10 reserve,out = (in * 0.9900 * r_out) / (r_in + in*0.9900),Swap Output
